peak_id,mz,rt,intensity,homologue_id,within_series_id
1449,69.06869,459.6,1449,NA,NA
262,69.06984,459.6,262,NA,NA
354,70.06511,59.339999999999996,354,NA,NA
156,72.08076,78.06,156,NA,NA
38,73.06476,936.0600000000001,38,NA,NA
764,73.06477,172.02,764,NA,NA
409,76.07565,58.379999999999995,409,NA,NA
1309,76.95424,46.14,1309,NA,NA
627,77.03687,387.18,627,NA,NA
383,77.03852,387.18,383,NA,NA
1175,79.95713,313.38,1175,NA,NA
87,80.04941,227.76,87,NA,NA
149,80.04942,59.58,149,NA,NA
69,80.94776,45.78,69,NA,NA
1712,80.97485,46.02,1712,NA,NA
423,83.0215,51.24,423,NA,NA
1030,84.04427,49.019999999999996,1030,NA,NA
316,84.95962,42.66,316,NA,NA
454,85.0283,50.519999999999996,454,NA,NA
243,86.09634,180.18,243,NA,NA
291,86.09635,166.74,291,NA,NA
722,87.00874,59.7,722,NA,NA
166,87.04397,338.34000000000003,166,NA,NA
203,87.04398,391.14,203,NA,NA
723,87.04402,441.12,723,NA,NA
802,88.04038,59.46,802,NA,NA
34,89.02437,91.25999999999999,34,NA,NA
268,89.02438,50.94,268,NA,NA
466,90.05486,48.720000000000006,466,NA,NA
140,90.97652,44.94,140,NA,NA
609,91.05409,444.35999999999996,609,NA,NA
99,92.928,45.9,99,NA,NA
922,93.03454,276.96,922,NA,NA
1765,96.02348,41.879999999999995,1765,NA,NA
403,96.92165,45.9,403,NA,NA
587,96.96008,42.48,587,NA,NA
127,96.9696,359.58000000000004,127,NA,NA
30,96.96961,396.24,30,NA,NA
198,100.07559,265.79999999999995,198,NA,NA
482,101.0232,431.94,482,NA,NA
744,101.09598,364.8,744,NA,NA
159,102.95681,45.42,159,NA,NA
861,103.00368,59.94,861,NA,NA
299,103.04005,213.42,299,NA,NA
796,104.05275,104.94000000000001,796,NA,NA
264,104.0705,51.54,264,NA,NA
100,104.10688,52.8,100,NA,NA
821,105.03339,306.47999999999996,821,NA,NA
649,105.06961,406.08,649,NA,NA
853,106.00783,41.879999999999995,853,NA,NA
1103,106.04977,47.1,1103,NA,NA
1051,106.08615,50.76,1051,NA,NA
810,107.05001,313.32000000000005,810,NA,NA
345,107.07017,364.74,345,NA,NA
683,107.08544,325.74,683,NA,NA
1697,108.90193,46.14,1697,NA,NA
1754,109.02936,263.4,1754,NA,NA
443,109.06469,384.12,443,NA,NA
353,111.00881,107.58,353,NA,NA
436,111.11673,427.62,436,NA,NA
60,111.11674,459.6,60,NA,NA
108,112.05045,168.12,108,NA,NA
1291,112.89562,46.02,1291,NA,NA
32,112.9856,45.480000000000004,32,NA,NA
712,113.02438,50.699999999999996,712,NA,NA
240,113.03448,233.33999999999997,240,NA,NA
49,114.06611,63.120000000000005,49,NA,NA
48,114.06613,59.28,48,NA,NA
206,114.09125,301.02000000000004,206,NA,NA
533,115.00368,105.41999999999999,533,NA,NA
766,115.03649,55.74,766,NA,NA
193,115.03888,440.1,193,NA,NA
194,115.03888,440.16,194,NA,NA
891,115.0389,432,891,NA,NA
966,115.04003,205.86,966,NA,NA
1451,115.11165,402.3,1451,NA,NA
81,116.07048,59.339999999999996,81,NA,NA
468,116.0705,49.98,468,NA,NA
850,116.10691,343.08,850,NA,NA
622,116.98583000000001,932.76,622,NA,NA
1066,116.98584,42.66,1066,NA,NA
1065,116.98584,42.72,1065,NA,NA
213,117.0193,193.26,213,NA,NA
411,117.0557,291.24,411,NA,NA
1366,117.05571,265.38,1366,NA,NA
346,117.95852,3.7199999999999998,346,NA,NA
62,118.08616,52.62,62,NA,NA
107,118.08619,77.94,107,NA,NA
1346,119.01886,42.66,1346,NA,NA
608,119.03493,50.699999999999996,608,NA,NA
1720,119.94695,48.300000000000004,1720,NA,NA
574,120.06544,49.559999999999995,574,NA,NA
273,120.08071,266.04,273,NA,NA
272,120.08072,265.98,272,NA,NA
190,121.0647,475.68,190,NA,NA
908,121.08587,262.2,908,NA,NA
21,123.05517999999999,235.14000000000001,21,NA,NA
493,123.11678,325.74,493,1,1
1306,125.87309,48.120000000000005,1306,NA,NA
1432,125.87313,41.519999999999996,1432,NA,NA
973,125.87313,933.48,973,NA,NA
1745,125.95276,42.839999999999996,1745,NA,NA
680,126.02189,47.28,680,NA,NA
898,126.88096,43.019999999999996,898,NA,NA
313,126.88098,937.08,313,NA,NA
803,127.03891,50.76,803,NA,NA
1326,127.07645,344.22,1326,NA,NA
910,129.05454,446.04,910,NA,NA
721,129.05459,440.16,721,NA,NA
235,129.0557,290.46000000000004,235,NA,NA
429,129.05571,282.66,429,NA,NA
499,129.06583,57,499,NA,NA
498,129.06583,59.28,498,NA,NA
244,130.04982,124.56,244,NA,NA
970,130.06509,353.76,970,NA,NA
1023,130.08624,57.48,1023,NA,NA
440,130.159,302.88,440,NA,NA
795,130.96515,42.66,795,NA,NA
794,130.96516,42.66,794,NA,NA
1340,131.03492,55.5,1340,NA,NA
1341,131.03493,51.18,1341,NA,NA
565,132.03022,47.22,565,NA,NA
525,132.06548,49.44,525,NA,NA
133,132.10188,180.18,133,NA,NA
178,132.10189,166.68,178,NA,NA
248,132.95824,246.48,248,NA,NA
668,133.09712,44.64,668,NA,NA
870,134.00283,41.879999999999995,870,NA,NA
945,134.0188,48.24,945,NA,NA
750,134.04711,259.98,750,NA,NA
1380,134.06005,284.40000000000003,1380,NA,NA
1649,134.06112,306.6,1649,NA,NA
624,134.98796,42.059999999999995,624,NA,NA
1152,135.0028,49.98,1152,NA,NA
808,135.1168,422.34,808,NA,NA
1141,135.90196,933.24,1141,NA,NA
665,136.04811,59.1,665,NA,NA
541,136.07567,209.70000000000002,541,NA,NA
1637,136.87217,43.019999999999996,1637,NA,NA
281,137.02441,343.68,281,NA,NA
29,137.04577,199.26000000000002,29,NA,NA
1435,137.13248,365.21999999999997,1435,NA,NA
343,138.01966,356.94,343,NA,NA
754,138.05497,59.28,754,NA,NA
289,138.12203,166.92000000000002,289,NA,NA
799,138.90632,46.08,799,NA,NA
1036,139.11174,351.18,1036,1,2
588,141.09102,422.03999999999996,588,NA,NA
529,144.04547,349.32,529,NA,NA
964,144.1019,69.9,964,NA,NA
245,144.10192,59.4,245,NA,NA
1421,145.01423,59.82,1421,NA,NA
456,145.04951,50.58,456,NA,NA
413,145.06182,48.959999999999994,413,NA,NA
1575,145.08702,368.16,1575,NA,NA
292,145.93078,932.16,292,NA,NA
753,146.06003,291.42,753,NA,NA
1494,146.08118,53.52,1494,NA,NA
689,146.08225,57.059999999999995,689,NA,NA
830,146.11756,59.46,830,NA,NA
806,146.96117,932.7,806,NA,NA
633,147.11279,44.88,633,NA,NA
692,147.1492,933.12,692,NA,NA
326,148.06043,50.519999999999996,326,NA,NA
1258,148.09683,53.1,1258,NA,NA
1060,148.93513,45.480000000000004,1060,NA,NA
1686,149.00253,41.82,1686,NA,NA
63,149.02317,522.4200000000001,63,NA,NA
497,149.02329,399.96000000000004,497,NA,NA
670,149.02329,427.08000000000004,670,NA,NA
165,149.02329,446.22,165,NA,NA
690,149.02331,436.5,690,NA,NA
1430,149.04551,50.94,1430,NA,NA
169,150.05834,104.94000000000001,169,NA,NA
611,150.88654,46.02,611,NA,NA
385,150.96883,938.76,385,NA,NA
1257,150.98286,42.18,1257,NA,NA
1772,151.06148,259.8,1772,NA,NA
183,151.0965,250.86,183,2,1
522,151.11175,384.12,522,NA,NA
523,151.11175,384.12,523,NA,NA
399,151.11176,355.2,399,NA,NA
182,152.05664,249.72,182,NA,NA
621,152.0706,240.71999999999997,621,NA,NA
341,152.07062,280.62,341,NA,NA
654,152.10699,228.54000000000002,654,NA,NA
1311,153.01929,304.74,1311,3,1
1101,153.06588,243.29999999999998,1101,NA,NA
515,153.06588,247.14,515,NA,NA
16,153.09183,400.44,16,NA,NA
1073,154.88064,46.08,1073,NA,NA
1547,155.04274,47.400000000000006,1547,NA,NA
987,155.04678,361.38,987,NA,NA
709,155.10664,382.56,709,NA,NA
678,155.10664,390.12,678,1,3
479,155.10665,382.56,479,NA,NA
735,155.15427,294.6,735,NA,NA
212,156.07673,47.88,212,NA,NA
44,158.02692,387.12,44,NA,NA
327,158.15392,406.26,327,NA,NA
209,158.96403,44.76,209,NA,NA
1226,158.97847,42.839999999999996,1226,NA,NA
362,159.06517,337.08000000000004,362,NA,NA
1523,160.09682,54.18,1523,NA,NA
150,160.84203,53.1,150,NA,NA
979,160.91531,45.480000000000004,979,NA,NA
864,161.09609,416.58,864,NA,NA
843,161.84978,53.76,843,NA,NA
11,162.11241,57.059999999999995,11,NA,NA
1399,162.98278,42.12,1399,NA,NA
920,163.03899,446.15999999999997,920,NA,NA
903,163.07535,395.03999999999996,903,NA,NA
921,163.11325,475.68,921,NA,NA
160,163.13287,364.74,160,4,1
321,163.97667,930,321,NA,NA
1249,164.03759,230.70000000000002,1249,NA,NA
940,164.07162,266.04,940,NA,NA
147,164.83604,52.92,147,NA,NA
1716,164.9272,43.98,1716,NA,NA
237,165.01925,301.14,237,NA,NA
684,165.07575,337.44,684,NA,NA
899,165.11211,283.08,899,NA,NA
82,166.08626,265.92,82,NA,NA
137,167.02097,173.1,137,NA,NA
660,167.08551,404.04,660,NA,NA
1663,167.92815,933.3599999999999,1663,NA,NA
300,169.05832,49.019999999999996,300,NA,NA
1265,169.09712,264.6,1265,NA,NA
820,169.12229,325.68,820,NA,NA
416,169.12231,355.14,416,NA,NA
189,170.09237,47.760000000000005,189,NA,NA
75,170.09237,50.58,75,NA,NA
924,170.83321,42.72,924,NA,NA
1021,170.83321,53.7,1021,NA,NA
320,170.87081,937.56,320,NA,NA
765,170.94416,45,765,NA,NA
1605,171.01211,284.88,1605,NA,NA
736,171.06625,342.3,736,NA,NA
252,171.10157,440.1,252,1,4
357,171.14919,368.88,357,NA,NA
358,171.14921,368.82,358,NA,NA
743,172.1332,368.52000000000004,743,NA,NA
742,172.13321,368.52000000000004,742,NA,NA
1097,172.13322,302.76,1097,NA,NA
1232,172.16957,423.78,1232,NA,NA
210,172.99134,276.96,210,5,1
349,174.18521,368.46,349,NA,NA
1467,174.8287,42.72,1467,NA,NA
311,174.95604,932.64,311,NA,NA
304,174.95605,42.72,304,NA,NA
317,175.09646,431.94,317,NA,NA
1606,175.09757,339.35999999999996,1606,6,1
67,175.1189,50.04,67,NA,NA
1083,175.14811,403.32000000000005,1083,NA,NA
1679,176.00953,49.32,1679,NA,NA
526,176.0706,353.82,526,NA,NA
1473,177.0246,47.28,1473,NA,NA
737,177.0546,399.96000000000004,737,NA,NA
863,177.0546,427.08000000000004,863,NA,NA
695,177.06097,44.76,695,NA,NA
257,177.10223,257.4,257,NA,NA
113,177.12733,475.74,113,NA,NA
944,177.12737,371.58,944,NA,NA
1582,178.0993,382.02,1582,NA,NA
1246,178.88039,58.32,1246,NA,NA
163,178.97772,42.059999999999995,163,NA,NA
1085,179.03494,329.34,1085,NA,NA
167,179.05603,50.64,167,NA,NA
1178,179.0574,298.86,1178,NA,NA
579,179.10666,362.52,579,NA,NA
552,179.14861,277.8,552,NA,NA
174,180.08659,50.58,174,NA,NA
1785,180.86196,42.9,1785,NA,NA
559,180.97302,44.46,559,NA,NA
1331,181.03669,260.4,1331,NA,NA
1228,181.05059,292.32,1228,NA,NA
173,181.07198,292.73999999999995,173,NA,NA
141,181.07201,277.38,141,NA,NA
751,181.0859,405.66,751,NA,NA
1197,181.10122,415.44,1197,NA,NA
473,181.12228,389.15999999999997,473,NA,NA
128,181.13903,49.98,128,NA,NA
871,181.15869,415.5,871,NA,NA
555,182.04577,252.36,555,NA,NA
142,182.08114,209.52,142,NA,NA
686,182.10229,59.04,686,NA,NA
374,182.98856,331.74,374,NA,NA
694,183.06518,416.64,694,NA,NA
458,183.07805,361.38,458,NA,NA
1591,183.1168,402.6,1591,NA,NA
640,183.17427,450.96,640,NA,NA
641,183.17428,451.2,641,NA,NA
1749,183.17539,439.62,1749,NA,NA
297,183.8483,58.5,297,NA,NA
68,185.0762,398.09999999999997,68,NA,NA
97,185.07622,368.09999999999997,97,NA,NA
1362,185.08179,335.76,1362,NA,NA
934,185.08181,361.92,934,3,2
779,185.09607,408,779,NA,NA
513,185.11721,351.18,513,NA,NA
798,185.11721,358.97999999999996,798,NA,NA
508,185.11721,446.22,508,NA,NA
507,185.11722,446.15999999999997,507,NA,NA
603,185.12844,277.86,603,NA,NA
1595,186.03829,49.32,1595,NA,NA
881,186.11246,90.78,881,NA,NA
980,186.11247,60.72,980,NA,NA
52,187.00693,313.32000000000005,52,5,2
524,187.04189,90.84,524,NA,NA
365,187.05767,58.199999999999996,365,NA,NA
366,187.05768,58.44,366,NA,NA
1334,187.05768,245.03999999999996,1334,NA,NA
236,187.12636,381.65999999999997,236,NA,NA
913,187.13286,375.71999999999997,913,NA,NA
1383,187.13392,419.82,1383,NA,NA
288,187.86095,48.9,288,NA,NA
542,188.06821,266.09999999999997,542,NA,NA
394,188.98628,263.46,394,NA,NA
879,189.07329,228.6,879,NA,NA
1172,189.07331,46.68,1172,NA,NA
956,189.07334,57.3,956,NA,NA
1022,189.11212,373.68,1022,7,1
1006,189.13457,57.36,1006,NA,NA
858,189.15975,47.82,858,NA,NA
1047,190.0863,369.53999999999996,1047,NA,NA
1046,190.08665,369.42,1046,NA,NA
1715,190.9201,46.02,1715,NA,NA
865,190.96374,91.32000000000001,865,NA,NA
352,191.04026,48.839999999999996,352,NA,NA
581,191.07665,44.76,581,NA,NA
1485,191.10772,381.36,1485,NA,NA
868,191.16418,402.36,868,4,2
566,191.17942,452.82,566,NA,NA
1343,191.86042,933.7800000000001,1343,NA,NA
1274,192.02440000000001,50.099999999999994,1274,NA,NA
1273,192.02444,49.86,1273,NA,NA
1193,192.13825,397.91999999999996,1193,NA,NA
592,192.13827,257.52,592,NA,NA
1702,192.99343,42.059999999999995,1702,NA,NA
1510,193.08695,405.54,1510,NA,NA
1266,193.09041,384,1266,NA,NA
657,193.09713,234.29999999999998,657,NA,NA
1779,193.09757,246.24,1779,NA,NA
628,193.14338,327.71999999999997,628,NA,NA
556,194.0458,327.18,556,NA,NA
1604,194.08224,416.88,1604,NA,NA
218,194.11752,237.78,218,NA,NA
330,194.15392,414.42,330,NA,NA
1223,195.05229,292.2,1223,NA,NA
73,195.08766,312.53999999999996,73,NA,NA
1058,195.10155,444.65999999999997,1058,NA,NA
1665,195.10257,406.02000000000004,1665,NA,NA
681,195.11279,284.15999999999997,681,NA,NA
199,195.12267,270.59999999999997,199,2,2
1561,195.13901,416.28,1561,NA,NA
172,195.81102,56.279999999999994,172,NA,NA
171,195.81112,46.38,171,NA,NA
1643,196.02509,342.24,1643,NA,NA
1475,196.05241,390,1475,NA,NA
730,196.13317,267.66,730,NA,NA
391,196.86501,46.02,391,NA,NA
1763,196.94385,41.82,1763,NA,NA
1443,196.96127,44.4,1443,NA,NA
949,197.07836,345.36,949,NA,NA
487,197.12845,308.4,487,NA,NA
488,197.12845,308.52000000000004,488,NA,NA
1471,197.15466,425.34000000000003,1471,NA,NA
148,197.80794,56.4,148,NA,NA
151,197.808,46.5,151,NA,NA
563,198.08505,53.22,563,NA,NA
96,198.0972,50.58,96,NA,NA
76,198.18525,415.62,76,NA,NA
438,199.00703,329.94,438,NA,NA
1392,199.03782,59.4,1392,NA,NA
1580,199.10766,255.89999999999998,1580,NA,NA
420,199.16924,427.73999999999995,420,NA,NA
445,199.16926,435.71999999999997,445,NA,NA
31,199.16927,459.6,31,NA,NA
1425,200.12811,229.26000000000002,1425,NA,NA
1126,200.16451,374.94,1126,NA,NA
226,200.20089,445.56,226,NA,NA
845,200.85913,46.08,845,NA,NA
890,201.0227,340.14,890,5,3
1012,201.03687,373.32000000000005,1012,NA,NA
1256,201.04635,402.48,1256,NA,NA
1169,201.11322,383.16,1169,6,2
886,201.14851,407.58,886,NA,NA
767,201.14852,393.36,767,NA,NA
1381,201.88924,933.48,1381,NA,NA
629,202.0475,306.54,629,NA,NA
1327,202.11865,231.24,1327,NA,NA
626,202.18016,411.84,626,NA,NA
379,202.21654,401.22,379,NA,NA
1144,203.00193,310.79999999999995,1144,NA,NA
1130,203.00194,298.56,1130,NA,NA
535,203.00194,303.36,535,NA,NA
1034,203.00195,286.44,1034,NA,NA
916,203.02045,49.019999999999996,916,NA,NA
24,203.0525,49.919999999999995,24,NA,NA
464,203.05261,62.22,464,NA,NA
1186,203.09137,377.03999999999996,1186,NA,NA
576,203.1067,416.58,576,NA,NA
527,203.1067,436.38,527,NA,NA
650,203.1213,347.15999999999997,650,NA,NA
986,203.12777,366.06,986,8,1
414,203.12778,390.59999999999997,414,NA,NA
1176,203.15019,90.72,1176,NA,NA
710,203.15021,60.66,710,NA,NA
1751,204.00441,50.28,1751,NA,NA
1275,204.01756,50.519999999999996,1275,NA,NA
114,204.12288,108.12,114,NA,NA
93,204.12293,135,93,9,1
135,204.12295,119.7,135,NA,NA
1314,204.13818,411.47999999999996,1314,NA,NA
1611,204.94642,381.12,1611,NA,NA
1354,204.98118,244.73999999999998,1354,NA,NA
1153,205.01392,50.58,1153,NA,NA
1154,205.01393,50.519999999999996,1154,NA,NA
215,205.08591,446.34000000000003,215,NA,NA
85,205.09709,291.42,85,NA,NA
889,205.12226,383.09999999999997,889,NA,NA
255,205.1434,391.14,255,NA,NA
434,205.83967,53.76,434,NA,NA
1088,205.83968,59.28,1088,NA,NA
781,205.83969,47.46,781,NA,NA
1389,205.83973,41.279999999999994,1389,NA,NA
936,206.08117,339.96000000000004,936,NA,NA
453,206.10332,57.059999999999995,453,NA,NA
824,206.15393,328.44,824,NA,NA
648,206.85455,58.32,648,NA,NA
258,206.89382,45.72,258,NA,NA
184,206.97264,42.059999999999995,184,NA,NA
699,206.97266,936.54,699,NA,NA
511,207.01209,324.96000000000004,511,NA,NA
1217,207.06625,366.96,1217,NA,NA
669,207.12269,401.09999999999997,669,NA,NA
553,207.15908,370.79999999999995,553,NA,NA
460,207.17433,446.34000000000003,460,NA,NA
734,207.17434,438.42,734,NA,NA
1382,208.9549,42.36,1382,NA,NA
931,209.06348,369.35999999999996,931,NA,NA
828,209.06662,59.16,828,NA,NA
1628,209.08531,389.82,1628,NA,NA
815,209.09203,257.28000000000003,815,NA,NA
667,209.10197,266.34000000000003,667,NA,NA
448,209.1382,297.9,448,NA,NA
777,209.15352,384.48,777,NA,NA
143,209.20117,359.46,143,NA,NA
1312,209.83377,47.580000000000005,1312,NA,NA
476,210.11018,333.54,476,NA,NA
450,210.84225,45.96,450,NA,NA
472,211.09401,366.06,472,NA,NA
505,211.09644,378.90000000000003,505,NA,NA
893,211.14399,338.64,893,NA,NA
481,211.14401,334.08,481,NA,NA
517,211.1692,422.94,517,NA,NA
1325,211.91806,933.3,1325,NA,NA
1639,212.00224,296.82,1639,NA,NA
307,212.00226,284.46,307,NA,NA
1621,212.0208,48,1621,NA,NA
1730,212.83897,46.14,1730,NA,NA
1586,213.01537,352.2,1586,NA,NA
593,213.0226,351.90000000000003,593,NA,NA
918,213.04928,49.26,918,NA,NA
1775,214.05098,416.15999999999997,1775,NA,NA
7,214.08944,387.12,7,NA,NA
954,215.00195,322.32,954,NA,NA
90,215.03273,50.339999999999996,90,NA,NA
1386,215.03834,358.86,1386,5,4
1133,215.05247,392.52,1133,NA,NA
1573,215.06966,55.5,1573,NA,NA
1572,215.06971,55.56,1572,NA,NA
1560,215.08306,418.68,1560,NA,NA
1099,215.86847,59.28,1099,NA,NA
1028,215.86851,933.4200000000001,1028,NA,NA
1390,215.90485,55.620000000000005,1390,NA,NA
1276,216.1957,392.82,1276,NA,NA
101,216.92261,45.3,101,NA,NA
1359,216.98119,266.64,1359,NA,NA
1713,217.01758,271.38,1713,NA,NA
355,217.10698,336.47999999999996,355,NA,NA
755,217.14334,390.66,755,3,3
731,217.14337,404.04,731,8,2
228,218.13864,239.82,228,NA,NA
200,218.21139,363.29999999999995,200,10,1
412,218.81722,57.9,412,NA,NA
568,218.87401,45.6,568,NA,NA
1420,218.99686,279.3,1420,NA,NA
447,219.02643,49.26,447,NA,NA
880,219.04737,378.96,880,NA,NA
772,219.12398,333.72,772,NA,NA
1308,219.17026,59.22,1308,NA,NA
492,219.17432,441.12,492,NA,NA
441,219.19543,439.14,441,4,3
812,219.84539,55.74,812,NA,NA
1184,219.8454,47.52,1184,NA,NA
847,219.84541,59.339999999999996,847,NA,NA
1603,219.923,45.36,1603,NA,NA
14,220.11775,275.52,14,NA,NA
1750,220.94144,376.98,1750,NA,NA
1189,221.01229,91.08,1189,NA,NA
452,221.05287,47.22,452,NA,NA
266,221.94681,932.9399999999999,266,NA,NA
1010,222.11245,59.519999999999996,1010,NA,NA
775,222.11245,227.22,775,NA,NA
852,222.81109,57.96,852,NA,NA
1029,222.86776,45.9,1029,NA,NA
1037,222.86815000000001,45.660000000000004,1037,NA,NA
1673,222.96096,41.58,1673,NA,NA
1529,223.00706,343.2,1529,NA,NA
428,223.06364,408.78,428,NA,NA
726,223.06364,431.15999999999997,726,NA,NA
1569,223.09228,53.28,1569,NA,NA
1157,223.09643,399.96000000000004,1157,NA,NA
543,223.09646,405.59999999999997,543,NA,NA
1590,223.09741,397.68,1590,NA,NA
617,223.15397,324.53999999999996,617,NA,NA
1089,223.15399,315.06,1089,NA,NA
1766,223.85734,58.32,1766,NA,NA
269,224.1281,61.32,269,NA,NA
201,224.1281,228,201,NA,NA
1401,224.16449,265.56,1401,NA,NA
763,224.16452,433.26,763,NA,NA
762,224.16453,433.26,762,NA,NA
494,225.03447,50.04,494,NA,NA
739,225.04662,45.96,739,NA,NA
1112,225.05461,383.04,1112,NA,NA
1699,225.0629,233.82,1699,NA,NA
501,225.19613,415.14,501,NA,NA
1233,225.89733,933.3,1233,NA,NA
1746,225.98624,50.22,1746,NA,NA
1245,226.01791,324.53999999999996,1245,NA,NA
1694,226.01796,342.06,1694,NA,NA
1771,226.08224,227.94,1771,NA,NA
1629,226.11709,932.22,1629,NA,NA
1367,226.12271,410.03999999999996,1367,NA,NA
877,226.12837,226.14000000000001,877,NA,NA
878,226.1284,226.74,878,NA,NA
338,226.18015,401.46,338,NA,NA
1705,226.91799,42.48,1705,NA,NA
106,226.95145,44.76,106,NA,NA
1278,227.03838,367.02,1278,NA,NA
1285,227.0925,352.5,1285,NA,NA
398,227.12511,59.22,398,NA,NA
1096,227.12544,368.64,1096,NA,NA
822,227.12782,422.21999999999997,822,NA,NA
1011,227.12889,405.66,1011,NA,NA
842,227.12889,411.36,842,6,3
337,227.16416,422.28000000000003,337,NA,NA
512,227.1754,308.21999999999997,512,NA,NA
125,228.19576,403.5,125,NA,NA
759,228.19578,499.20000000000005,759,NA,NA
504,228.19578,505.2,504,NA,NA
1231,228.84594,58.14,1231,NA,NA
442,228.90282,45.24,442,NA,NA
851,228.96014,42.54,851,NA,NA
1656,229.01758,329.76000000000005,1656,NA,NA
1299,229.0489,49.98,1299,NA,NA
724,229.05396,374.04,724,5,5
933,229.11824,90.05999999999999,933,NA,NA
132,229.12229,475.68,132,NA,NA
554,229.15461,237.42,554,NA,NA
1534,229.87423,59.16,1534,NA,NA
1364,230.01281,302.52,1364,NA,NA
679,230.01283,257.52,679,NA,NA
1108,230.1751,388.44,1108,NA,NA
857,230.21145,436.62,857,NA,NA
340,230.24779,425.1,340,NA,NA
1205,230.99681,311.04,1205,NA,NA
1724,231.06283,50.339999999999996,1724,NA,NA
855,231.08384,226.79999999999998,855,NA,NA
196,231.10166,408,196,NA,NA
947,231.15903,404.1,947,NA,NA
1095,231.15903,426.96,1095,7,2
787,231.15905,422.52,787,8,3
144,231.15906,431.94,144,NA,NA
1379,231.17025,302.03999999999996,1379,NA,NA
1244,231.17029,283.5,1244,NA,NA
185,232.15431,270.12,185,9,2
1151,232.19066,390.23999999999995,1151,NA,NA
928,232.19069,373.5,928,NA,NA
503,232.89655,45.54,503,NA,NA
1608,232.92812,932.76,1608,NA,NA
1082,232.92814,42.66,1082,NA,NA
1053,232.97553,91.02,1053,NA,NA
1507,232.99476,329.04,1507,NA,NA
1545,233.13182,383.28,1545,NA,NA
131,234.20634,370.98,131,NA,NA
1268,234.98371,371.76,1268,NA,NA
960,235.02967,932.28,960,NA,NA
1593,235.06908,49.919999999999995,1593,NA,NA
1142,235.15401,360.66,1142,NA,NA
305,235.92607,227.58,305,NA,NA
1159,235.92608,59.339999999999996,1159,NA,NA
286,235.92609,751.1999999999999,286,NA,NA
186,235.9261,931.8,186,NA,NA
545,236.09617,373.14000000000004,545,NA,NA
655,236.10535,416.64,655,NA,NA
283,236.11284,337.08000000000004,283,NA,NA
1429,237.02268,362.03999999999996,1429,NA,NA
395,238.93165,44.82,395,NA,NA
1448,239.06733,415.38,1448,NA,NA
1339,239.09138,352.68,1339,NA,NA
770,239.09138,380.1,770,NA,NA
939,239.12765,416.64,939,NA,NA
856,239.12892,417.71999999999997,856,NA,NA
116,239.14891,284.28000000000003,116,2,3
646,239.16417,433.32000000000005,646,NA,NA
1544,240.10188,256.32,1544,NA,NA
214,240.15941,383.09999999999997,214,NA,NA
336,240.26858,515.22,336,NA,NA
907,240.91346,347.1,907,NA,NA
1783,241.02915,50.4,1783,NA,NA
471,241.03113,46.68,471,NA,NA
1347,241.05102,363.24,1347,NA,NA
1497,241.11937,321.36,1497,NA,NA
329,241.14454,425.28000000000003,329,NA,NA
538,241.8235,58.26,538,NA,NA
1732,242.13066,356.40000000000003,1732,NA,NA
693,242.92534,45,693,NA,NA
1522,242.94343,44.46,1522,NA,NA
1439,243.03324,347.46000000000004,1439,NA,NA
179,243.0622,233.46,179,NA,NA
1482,243.13385,315.12,1482,NA,NA
825,243.15904,403.62,825,NA,NA
1200,243.16013,421.44,1200,NA,NA
1160,243.19541,401.52,1160,NA,NA
652,243.19545,430.26,652,NA,NA
1410,243.20657,378.36,1410,NA,NA
1394,244.07913,56.519999999999996,1394,NA,NA
509,244.26347,430.62,509,NA,NA
1318,244.90813,382.5,1318,NA,NA
406,245.04885,344.46,406,NA,NA
1519,245.0784,393,1519,NA,NA
874,245.11475,383.09999999999997,874,NA,NA
105,245.17471,440.1,105,8,4
1100,245.18592,325.08,1100,NA,NA
1558,246.00782,250.61999999999998,1558,NA,NA
157,246.16995,299.7,157,NA,NA
605,246.20634,307.98,605,NA,NA
604,246.20635,307.8,604,NA,NA
280,246.2427,397.08000000000004,280,10,2
849,246.96512,41.82,849,NA,NA
1504,247.12885,259.8,1504,NA,NA
310,247.14404,291.06,310,NA,NA
546,247.22675,456.6,546,4,4
1413,248.14923,232.85999999999999,1413,NA,NA
1592,248.90049,42.66,1592,NA,NA
375,248.96041,45.06,375,NA,NA
1252,248.99885,48.779999999999994,1252,NA,NA
1121,249.03218,362.64,1121,NA,NA
757,249.15299,422.03999999999996,757,NA,NA
540,249.16966,392.88,540,NA,NA
407,249.18489,442.73999999999995,407,NA,NA
598,249.20608,418.97999999999996,598,3,4
1000,250.11867,420.12,1000,NA,NA
1684,250.93877,42.54,1684,NA,NA
1441,250.95589,41.76,1441,NA,NA
1035,251.00012,411.65999999999997,1035,NA,NA
348,251.04676,465.06,348,NA,NA
1692,251.0959,392.15999999999997,1692,NA,NA
483,251.12779,428.09999999999997,483,NA,NA
241,251.18529,358.44,241,NA,NA
584,251.2005,447.9,584,NA,NA
233,251.20056,452.82,233,NA,NA
1464,251.85226,58.44,1464,NA,NA
1583,252.07336,383.46,1583,NA,NA
1757,252.82722,46.2,1757,NA,NA
1199,253.08304,423.65999999999997,1199,NA,NA
490,253.12818,280.62,490,NA,NA
965,253.14348,435.48,965,6,4
278,254.1387,381.3,278,NA,NA
1668,255.0697,367.44,1668,11,1
1361,255.08742,352.56,1361,NA,NA
418,255.82219,55.74,418,NA,NA
146,255.82221,47.46,146,NA,NA
1215,256.10991,346.56,1215,NA,NA
919,256.22715,426,919,NA,NA
656,256.2635,484.49999999999994,656,12,1
301,256.82069,46.08,301,NA,NA
446,256.95509,42.419999999999995,446,NA,NA
1270,256.9551,50.58,1270,NA,NA
544,256.95515,939.48,544,NA,NA
869,257.14718,52.62,869,NA,NA
333,257.21111,447.53999999999996,333,NA,NA
435,257.21117,443.52000000000004,435,NA,NA
276,258.10999,49.379999999999995,276,NA,NA
758,258.24273,455.7,758,NA,NA
1653,258.99174,296.64,1653,NA,NA
484,259.09404,381.3,484,NA,NA
1644,259.09542,241.56,1644,NA,NA
221,259.19036,446.04,221,NA,NA
474,259.81614,55.800000000000004,474,NA,NA
1610,260.02342,265.98,1610,NA,NA
990,260.18561,332.4,990,9,3
1307,260.22198,407.03999999999996,1307,NA,NA
1542,260.97915,48.839999999999996,1542,NA,NA
1293,261.0074,286.8,1293,NA,NA
688,261.01113,50.04,688,NA,NA
1478,261.03863,360.84000000000003,1478,NA,NA
1345,261.14445,303.72,1345,NA,NA
774,261.18488,443.46,774,NA,NA
927,261.18488,466.02000000000004,927,NA,NA
1538,262.16494,248.88,1538,NA,NA
270,262.23764,402.42,270,NA,NA
1437,263.13904,316.67999999999995,1437,NA,NA
837,264.82975,58.32,837,NA,NA
630,264.85239,45.78,630,NA,NA
1076,265.08357,403.92,1076,NA,NA
727,265.10386,405.84000000000003,727,NA,NA
231,265.11827,306.06,231,NA,NA
1156,265.14347,393.59999999999997,1156,NA,NA
176,265.14792,434.94,176,NA,NA
1646,265.15727,437.76,1646,NA,NA
610,265.2162,444.35999999999996,610,NA,NA
999,266.22268,353.28,999,NA,NA
677,267.12268,406.14,677,NA,NA
562,267.12382,429.24,562,NA,NA
1166,267.17029,269.28000000000003,1166,NA,NA
783,267.17197,443.28,783,NA,NA
885,267.19544,395.21999999999997,885,NA,NA
18,268.1039,260.4,18,NA,NA
1267,268.15431,401.88,1267,NA,NA
1254,268.22712,429.48,1254,NA,NA
208,268.80093,46.02,208,NA,NA
1125,268.84652,45.9,1125,NA,NA
1461,269.08194,400.56,1461,NA,NA
1598,269.08539,384.84,1598,11,2
1057,269.10309,380.16,1057,NA,NA
322,269.13123,418.68,322,NA,NA
572,269.22646,491.15999999999997,572,NA,NA
1466,270.79738,46.26,1466,NA,NA
1740,271.00789,49.08,1740,NA,NA
1456,271.07886,337.91999999999996,1456,NA,NA
1513,271.09246,252.48000000000002,1513,NA,NA
1556,271.15398,415.38,1556,NA,NA
1549,271.1652,359.64,1549,NA,NA
1081,271.19037,455.1,1081,NA,NA
1259,271.20569,489.24,1259,NA,NA
356,271.22678,447.71999999999997,356,NA,NA
1465,272.79468,46.14,1465,NA,NA
867,273.16967,404.64,867,NA,NA
485,273.18491,451.5,485,NA,NA
636,273.20604,454.98,636,7,3
1761,274.1045,59.46,1761,NA,NA
254,274.27407,421.62,254,10,3
859,274.88124,45.54,859,NA,NA
1281,274.96014,41.82,1281,NA,NA
997,275.06806,381.3,997,NA,NA
719,275.14237,314.7,719,NA,NA
95,275.22166,450.96,95,13,1
1452,275.25808,445.44,1452,NA,NA
1578,276.01761,180.24,1578,NA,NA
1565,276.123,327.6,1565,NA,NA
1241,276.12636,348.59999999999997,1241,NA,NA
1685,276.13611,283.62,1685,NA,NA
1042,276.14415,241.07999999999998,1042,NA,NA
896,277.12818,376.98,896,NA,NA
962,277.14456,457.32,962,NA,NA
364,277.17977,436.44,364,NA,NA
884,277.17978,424.26,884,NA,NA
376,277.1798,416.58,376,NA,NA
242,277.18428,441.24,242,NA,NA
1454,277.2005,416.04,1454,NA,NA
332,278.23256,307.98,332,14,1
1146,278.82846,57.78,1146,NA,NA
1137,278.82847,60.89999999999999,1137,NA,NA
378,278.82971,45.660000000000004,378,NA,NA
195,279.03895,233.64000000000001,195,NA,NA
123,279.15907,446.09999999999997,123,6,5
590,279.15909,436.5,590,NA,NA
1502,279.17022,338.28,1502,NA,NA
818,279.23188,476.04,818,NA,NA
1208,280.15434,306.96,1208,NA,NA
1696,280.17538,378.42,1696,NA,NA
1759,280.82647,46.02,1759,NA,NA
1645,280.94075,42.3,1645,NA,NA
537,281.01392,173.16,537,NA,NA
1070,281.10195,406.14,1070,NA,NA
1080,282.11968,231.66000000000003,1080,NA,NA
363,282.20394,403.44,363,NA,NA
192,282.27913,489.78000000000003,192,15,1
1532,283.1011,399.3,1532,11,3
697,283.13737,428.94,697,16,1
161,283.17511,294.96000000000004,161,2,4
98,284.09894,249.65999999999997,98,NA,NA
360,284.20673,332.76,360,NA,NA
361,284.20676,332.82,361,NA,NA
789,284.29479,509.52000000000004,789,12,2
1128,284.33117,455.76,1128,NA,NA
1357,284.77491,46.14,1357,NA,NA
1062,284.91009,45.18,1062,NA,NA
187,284.96116,375.3,187,NA,NA
1211,285.12616,418.26,1211,NA,NA
238,285.18495,475.62,238,NA,NA
606,285.24243,447.71999999999997,606,NA,NA
275,286.14377,421.26,275,NA,NA
342,286.2013,357.42,342,NA,NA
430,286.8615,45.42,430,NA,NA
43,287.22174,459.6,43,NA,NA
1581,287.92613,59.28,1581,NA,NA
1279,288.12302,427.62,1279,NA,NA
110,288.21693,377.4,110,9,4
975,288.25334,441,975,NA,NA
573,288.28969,431.40000000000003,573,NA,NA
580,288.28971,426.47999999999996,580,NA,NA
397,288.9552,375.3,397,NA,NA
1350,289.19435,435.36,1350,NA,NA
170,290.13872,322.14,170,NA,NA
701,290.14213,374.82,701,NA,NA
1516,290.15986,280.14,1516,NA,NA
287,290.26897,426.42,287,NA,NA
894,290.85556,45.42,894,NA,NA
729,291.12032,429.42,729,NA,NA
486,291.19554,435.36,486,NA,NA
277,291.2,447.84000000000003,277,NA,NA
1387,291.23188,476.46,1387,NA,NA
1236,292.19794,51.9,1236,NA,NA
1188,292.24826,329.88,1188,14,2
1768,292.80664,45.84,1768,NA,NA
732,293.04898,49.559999999999995,732,NA,NA
676,293.04898,53.04,676,NA,NA
1352,293.07467,932.28,1352,NA,NA
1782,293.08201,394.68,1782,NA,NA
1116,293.09962,380.1,1116,NA,NA
1408,293.1382,376.56,1408,NA,NA
1240,293.15152,438.18,1240,NA,NA
104,293.17593,416.70000000000005,104,NA,NA
373,293.17926,450.23999999999995,373,NA,NA
805,293.19591,383.34000000000003,805,NA,NA
1540,294.06543,386.28,1540,NA,NA
1719,294.06545,365.94,1719,NA,NA
691,294.15478,239.34,691,NA,NA
1784,294.94684,41.699999999999996,1784,NA,NA
1409,295.02819,337.62,1409,NA,NA
926,295.13735,427.44,926,NA,NA
586,295.19038,418.92,586,NA,NA
705,296.12158,375.78,705,NA,NA
614,296.22195,436.56,614,NA,NA
451,296.89029,45.06,451,NA,NA
1111,297.08251,442.91999999999996,1111,NA,NA
1559,297.11673,411.65999999999997,1559,11,4
46,297.15303,436.92,46,16,2
1069,298.11431,49.379999999999995,1069,NA,NA
1242,298.17795,403.32000000000005,1242,NA,NA
532,299.06909,46.02,532,NA,NA
1614,301.0453,41.82,1614,NA,NA
1711,301.83475,58.08,1711,NA,NA
298,302.06626,260.28000000000003,298,NA,NA
717,302.30536,440.16,717,10,4
752,303.25301,468.29999999999995,752,13,2
591,303.92103,52.14,591,NA,NA
1762,303.98472,375.41999999999996,1762,NA,NA
976,304.21187,343.5,976,NA,NA
1262,304.21189,349.26,1262,NA,NA
635,304.28463,432.48,635,NA,NA
1055,304.91409,42.66,1055,NA,NA
1122,304.91413,932.88,1122,NA,NA
567,305.21569,454.14,567,NA,NA
1698,306.13361,295.68,1698,NA,NA
1024,306.26392,348.96,1024,14,3
528,306.91914,44.76,528,NA,NA
1546,306.93751,40.980000000000004,1546,NA,NA
1681,306.94309,45.480000000000004,1681,NA,NA
1574,306.95749,48.720000000000006,1574,NA,NA
319,307.11523,337.44,319,NA,NA
1405,309.12925,55.74,1405,NA,NA
642,309.15304,436.32,642,NA,NA
1419,309.17093,416.28,1419,NA,NA
1677,309.171,407.52,1677,NA,NA
1486,309.171,423.59999999999997,1486,NA,NA
417,309.17428,441.90000000000003,417,NA,NA
331,309.2272,379.14,331,NA,NA
558,309.94121,59.22,558,NA,NA
977,309.94126,933.1800000000001,977,NA,NA
1661,310.00209,266.04,1661,NA,NA
1063,310.20109,434.1,1063,NA,NA
1007,310.20135,367.32,1007,NA,NA
708,310.20135,374.40000000000003,708,NA,NA
1113,310.23771,451.26,1113,NA,NA
950,310.31048,514.62,950,15,2
1662,310.93243,58.8,1662,NA,NA
1632,311.13244,422.82,1632,11,5
20,311.16873,444,20,16,3
854,312.11656,338.34000000000003,854,NA,NA
1658,312.13025,275.64000000000004,1658,NA,NA
1310,312.3261,540.6,1310,12,3
279,313.14349,444.3,279,NA,NA
841,313.1547,341.34000000000003,841,NA,NA
674,313.27379,451.08,674,NA,NA
371,313.2738,457.86,371,NA,NA
351,314.18097,291.42,351,17,1
1061,314.21739,317.15999999999997,1061,NA,NA
387,314.23264,395.94,387,NA,NA
615,314.77935,46.14,615,NA,NA
846,315.04153,53.04,846,NA,NA
1543,315.0931,431.22,1543,NA,NA
1617,315.13934,290.46000000000004,1617,NA,NA
536,315.25301,480.72,536,7,4
915,316.19405,436.98,915,18,1
419,316.24823,407.34,419,9,5
519,316.9479,44.82,519,NA,NA
390,317.17235,416.64,390,NA,NA
1375,318.06104,249.78000000000003,1375,NA,NA
601,318.19116,373.44,601,NA,NA
991,318.26401,459.6,991,NA,NA
1787,318.93772,48.779999999999994,1787,NA,NA
1107,318.96987,49.86,1107,NA,NA
1177,319.09543,337.44,1177,NA,NA
1528,319.16523,318.96,1528,NA,NA
462,320.24316,436.26,462,NA,NA
461,320.24318,436.14,461,NA,NA
1400,320.27957,365.58,1400,14,4
1641,320.88639,42.66,1641,NA,NA
1710,321.1345,426.06,1710,NA,NA
897,321.16652,449.40000000000003,897,NA,NA
1183,321.16962,394.86,1183,NA,NA
1143,322.23765,402.53999999999996,1143,NA,NA
388,322.2741,492.48,388,NA,NA
1612,322.98186,313.32000000000005,1612,NA,NA
1512,323.29441,562.56,1512,NA,NA
771,324.80815,45.9,771,NA,NA
421,325.04317,64.86,421,NA,NA
400,325.04328,88.74000000000001,400,NA,NA
1198,325.12527,49.44,1198,NA,NA
26,325.18437,450.59999999999997,26,16,4
1086,325.24858,384.42,1086,NA,NA
946,326.08818,244.07999999999998,946,NA,NA
582,326.75958,46.08,582,NA,NA
325,327.00813,411.65999999999997,325,NA,NA
510,327.07811,432.6,510,NA,NA
1747,327.0917,244.26,1747,NA,NA
1203,327.1636,417.84000000000003,1203,NA,NA
1319,328.13915,270.78,1319,NA,NA
1119,328.16024,288.72,1119,NA,NA
992,328.32117,445.44,992,NA,NA
1788,328.96652,48.959999999999994,1788,NA,NA
1602,328.99854,49.86,1602,NA,NA
1230,329.08546,399.3,1230,NA,NA
1219,329.12429,337.56,1219,NA,NA
666,329.15262,416.58,666,NA,NA
1397,329.21112,463.86,1397,NA,NA
386,330.20979,444.12,386,18,2
938,330.21238,299.94,938,19,1
217,330.33669,455.46000000000004,217,10,5
1741,330.75341,46.2,1741,NA,NA
1019,330.75373,46.08,1019,NA,NA
706,331.00214,411.65999999999997,706,NA,NA
1726,331.06475,367.2,1726,NA,NA
1748,331.16543,266.04,1748,NA,NA
1600,331.1764,408.65999999999997,1600,NA,NA
219,331.24794,443.58,219,NA,NA
220,331.24795,443.52000000000004,220,NA,NA
632,331.24796,426,632,NA,NA
599,331.24797,413.04,599,NA,NA
65,331.28435,488.76000000000005,65,13,3
625,331.28436,483.48,625,NA,NA
740,332.83991,45.660000000000004,740,NA,NA
1196,333.14627,416.46,1196,NA,NA
1539,334.13983,286.2,1539,NA,NA
773,334.25077,452.46000000000004,773,NA,NA
239,335.04951,173.1,239,NA,NA
687,335.16521,444,687,NA,NA
1338,336.31112,447.53999999999996,1338,NA,NA
578,336.32618,522.24,578,NA,NA
948,336.78846,45.84,948,NA,NA
780,337.13295,430.44,780,NA,NA
1180,337.20567,456.72,1180,NA,NA
35,338.34182,545.52,35,15,3
370,338.34183,480.18,370,NA,NA
909,338.87285,933.3,909,NA,NA
1780,338.99383,49.14,1780,NA,NA
1701,339.16461,300.54,1701,20,1
930,339.17782,414.24,930,NA,NA
45,339.19841,457.26000000000005,45,16,5
23,339.23145,475.74,23,NA,NA
645,339.23185,444.42,645,NA,NA
620,339.2319,461.22,620,NA,NA
745,339.89613,52.14,745,NA,NA
643,340.35743,582.84,643,12,4
1704,340.78206,46.08,1704,NA,NA
1426,341.17778,427.38,1426,NA,NA
776,341.47412,45.480000000000004,776,NA,NA
941,342.15612,278.64,941,NA,NA
698,342.26395,419.88,698,NA,NA
778,342.48035,45.54,778,NA,NA
1731,342.73202,46.2,1731,NA,NA
516,342.86872,45.36,516,NA,NA
1059,343.13162,436.8,1059,NA,NA
480,343.29558,435.54,480,NA,NA
1264,343.88986,51.96,1264,NA,NA
616,343.99334,58.019999999999996,616,NA,NA
260,343.99335,932.76,260,NA,NA
1568,344.13404,232.85999999999999,1568,NA,NA
359,344.22546,450.78,359,18,3
89,344.2279,303.72,89,21,1
797,345.12929,244.07999999999998,797,NA,NA
550,345.13645,402.42,550,NA,NA
551,345.43764,341.52,551,NA,NA
457,346.0094,57.48,457,NA,NA
583,346.00942,932.46,583,NA,NA
393,346.2741,489.42,393,NA,NA
905,346.8156,45.6,905,NA,NA
595,348.20171,393.42,595,NA,NA
1187,348.27442,479.94,1187,NA,NA
600,348.27452,484.26,600,NA,NA
785,348.28965,498.12,785,NA,NA
1669,348.81376,45.84,1669,NA,NA
827,349.18088,450.59999999999997,827,NA,NA
1209,350.08471,244.14,1209,NA,NA
800,351.99596,933.84,800,NA,NA
1398,352.08456,359.52,1398,NA,NA
673,352.16557,339.96000000000004,673,NA,NA
607,352.85209,933.4200000000001,607,NA,NA
389,352.89751,44.94,389,NA,NA
768,352.99552,933.12,768,NA,NA
647,353.19885,445.56,647,NA,NA
314,354.12708,384.48,314,NA,NA
37,354.28507,436.44,37,NA,NA
36,354.28508,436.26,36,NA,NA
860,354.84739,45.36,860,NA,NA
651,355.01155,933.0600000000001,651,NA,NA
914,355.15667,510.12000000000006,914,NA,NA
814,355.22625,444.48,814,NA,NA
932,356.16997,416.64,932,NA,NA
216,356.35236,459.78000000000003,216,NA,NA
263,357.05358,233.4,263,NA,NA
293,357.27883,457.86,293,NA,NA
937,357.29997,488.58000000000004,937,NA,NA
256,357.29997,493.44,256,7,5
295,358.20722,300.48,295,17,2
296,358.20726,300.41999999999996,296,NA,NA
491,358.24116,457.38,491,18,4
58,358.2729,476.04,58,NA,NA
57,358.27412,475.62,57,NA,NA
267,358.36799,471.3,267,10,6
1406,358.84257,45.72,1406,NA,NA
1084,359.00716,933,1084,NA,NA
139,359.31563,515.94,139,13,4
118,359.31565,512.88,118,NA,NA
1428,361.2008,382.73999999999995,1428,NA,NA
514,362.92635,44.58,514,NA,NA
1074,363.17221,465.12,1074,NA,NA
623,363.21663,390.59999999999997,623,NA,NA
784,364.87633,44.94,784,NA,NA
1721,364.91611,48.6,1721,NA,NA
1385,365.13907,437.03999999999996,1385,NA,NA
1636,366.05851,244.14,1636,NA,NA
1056,366.1075,50.28,1056,NA,NA
832,366.28499,443.76,832,NA,NA
602,366.37305,586.62,602,15,4
1776,366.8994,408,1776,NA,NA
496,367.10369,50.339999999999996,496,NA,NA
1210,367.1422,49.62,1210,NA,NA
1384,367.14996,288.36,1384,NA,NA
959,367.15707,396.65999999999997,959,NA,NA
154,367.15708,388.5,154,NA,NA
1014,368.27967,429.24,1014,NA,NA
1344,368.87152,45.36,1344,NA,NA
769,369.1727,380.88,769,NA,NA
489,369.17272,393.29999999999995,489,NA,NA
232,369.17272,403.2,232,NA,NA
1348,369.17284,414,1348,NA,NA
748,369.24219,461.22,748,NA,NA
1229,369.38407,479.22,1229,NA,NA
1708,370.07661,273.59999999999997,1708,NA,NA
875,370.2953,466.92,875,NA,NA
1682,371.1884,409.5,1682,NA,NA
1468,371.18841,398.46,1468,NA,NA
41,371.24038,447.84000000000003,41,NA,NA
259,371.24039,443.58,259,NA,NA
716,371.31561,527.5799999999999,716,NA,NA
829,371.32693,454.02,829,NA,NA
469,372.1586,351.78000000000003,469,NA,NA
1092,372.18656,297.66,1092,NA,NA
328,372.31085,479.28000000000003,328,NA,NA
549,372.73797,46.14,549,NA,NA
836,374.90511,44.64,836,NA,NA
1563,376.45594,932.52,1563,NA,NA
968,376.73209,46.2,968,NA,NA
1368,376.92848,49.68,1368,NA,NA
1550,377.15919,363.54,1550,NA,NA
463,377.19353,400.98,463,NA,NA
923,377.19362,421.56,923,NA,NA
1174,378.2697,381.3,1174,NA,NA
1020,379.15506,444.17999999999995,1020,NA,NA
612,380.08095,260.21999999999997,612,NA,NA
958,381.18234,418.2,958,NA,NA
1570,381.18235,433.97999999999996,1570,NA,NA
1508,381.23031,460.32,1508,NA,NA
672,382.76675,45.9,672,NA,NA
117,383.11589,50.22,117,NA,NA
929,383.15204,365.03999999999996,929,NA,NA
675,383.18818,542.7,675,NA,NA
1640,383.19087,307.98,1640,20,2
1087,383.19835,418.14000000000004,1087,NA,NA
1140,383.21929,447.78000000000003,1140,NA,NA
747,384.17412,373.97999999999996,747,NA,NA
1155,384.29544,437.1,1155,NA,NA
700,384.29558,395.4,700,NA,NA
1376,384.34742,501.72,1376,NA,NA
823,384.71681,46.08,823,NA,NA
711,384.9339,45.24,711,NA,NA
1255,385.1677,353.09999999999997,1255,NA,NA
1358,385.37904,486.54,1358,NA,NA
80,387.18028,406.14,80,NA,NA
1171,387.18033,397.2,1171,NA,NA
1091,387.21431,443.58,1091,NA,NA
1615,387.25289,421.62,1615,NA,NA
72,388.25419,311.09999999999997,72,21,2
71,388.25422,311.04,71,NA,NA
1105,388.711,46.14,1105,NA,NA
1474,388.71207,46.2,1474,NA,NA
1717,389.08993,347.7,1717,NA,NA
1253,389.11203,444.9,1253,NA,NA
1363,389.16268,399.71999999999997,1363,NA,NA
1287,389.1723,401.04,1287,NA,NA
1536,390.47153,932.5799999999999,1536,NA,NA
548,390.79857,45.72,548,NA,NA
1353,391.10163,50.339999999999996,1353,NA,NA
1488,391.11887,430.38,1488,NA,NA
1269,391.15149,416.58,1269,NA,NA
1284,391.17487,374.46,1284,NA,NA
61,391.28438,523.3199999999999,61,NA,NA
1752,392.07343,299.64,1752,NA,NA
547,392.79559,45.72,547,NA,NA
989,393.17052,450.78,989,NA,NA
703,393.24809,447.78000000000003,703,NA,NA
1139,394.7457,45.9,1139,NA,NA
833,394.79255,45.660000000000004,833,NA,NA
1742,394.88943,45.18,1742,NA,NA
741,395.12893,436.85999999999996,741,NA,NA
1678,395.16183,382.62,1678,NA,NA
1303,395.18856,407.03999999999996,1303,NA,NA
1127,397.00211,313.32000000000005,1127,NA,NA
1360,397.14932,351.18,1360,NA,NA
1218,397.17782,390.71999999999997,1218,NA,NA
639,397.20424,402.24,639,NA,NA
1168,397.22538,447.66,1168,NA,NA
465,398.15334,381.42,465,NA,NA
1633,398.73973,46.02,1633,NA,NA
1587,398.7407,46.02,1587,NA,NA
1433,398.9355,393.59999999999997,1433,NA,NA
1723,399.2199,418.8,1723,NA,NA
1450,399.21992,406.32,1450,NA,NA
9,399.25058,448.92,9,NA,NA
782,400.16912,337.2,782,NA,NA
1770,400.69124,46.14,1770,NA,NA
495,400.82735,45.480000000000004,495,NA,NA
904,401.14771,430.44,904,NA,NA
246,402.23342,307.86,246,17,3
247,402.23346,307.98,247,NA,NA
901,402.26996,330.23999999999995,901,NA,NA
1769,402.68799,46.26,1769,NA,NA
634,403.44462,932.5799999999999,634,NA,NA
1511,404.45084,42.66,1511,NA,NA
662,404.45086,932.46,662,NA,NA
1098,404.77454,45.72,1098,NA,NA
963,404.82143,45.480000000000004,963,NA,NA
1671,405.19073,382.68,1671,NA,NA
1227,406.1642,335.76,1227,NA,NA
1424,406.77257,45.84,1424,NA,NA
381,407.16757,416.70000000000005,381,NA,NA
382,407.1676,416.58,382,NA,NA
1161,407.20645,390.71999999999997,1161,NA,NA
1423,408.76952,45.9,1423,NA,NA
467,409.1447,444.06,467,NA,NA
561,409.18704,291.42,561,NA,NA
844,410.32658,459.17999999999995,844,NA,NA
410,410.85616,45.18,410,NA,NA
1204,411.12859,351.06,1204,NA,NA
1017,412.80647,45.480000000000004,1017,NA,NA
1033,413.19921,391.08,1033,NA,NA
1002,413.21215,291.47999999999996,1002,NA,NA
811,414.14832,343.74,811,NA,NA
1093,414.32153,467.21999999999997,1093,NA,NA
1016,414.80341,45.42,1016,NA,NA
1072,416.2129,305.21999999999997,1072,NA,NA
1365,416.31632,420.12,1365,NA,NA
1351,416.80138,45.660000000000004,1351,NA,NA
1622,417.33657,528.66,1622,NA,NA
1039,418.22255,406.14,1039,NA,NA
702,418.26477,315.23999999999995,702,19,2
1537,419.17008,396.54,1537,NA,NA
422,420.88504,44.82,422,NA,NA
1431,421.22542,446.52,1431,NA,NA
809,422.31148,453.29999999999995,809,NA,NA
1001,422.83526,45.12,1001,NA,NA
618,423.16034,450.59999999999997,618,NA,NA
1634,424.19669,390.71999999999997,1634,NA,NA
1068,424.3638,475.62,1068,NA,NA
1005,426.29101000000003,337.38,1005,NA,NA
1280,426.83005000000003,45.54,1280,NA,NA
1675,427.21501,390.84000000000003,1675,NA,NA
1655,427.21745,314.28000000000003,1655,20,3
631,430.69659,46.2,631,NA,NA
1263,430.88809,430.5,1263,NA,NA
506,430.91372,44.58,506,NA,NA
1369,432.23812,406.14,1369,NA,NA
1469,432.23821,422.34,1469,NA,NA
1372,432.24419,312.36,1372,NA,NA
77,432.2803,317.34,77,21,3
78,432.28032,317.46000000000004,78,NA,NA
951,432.86422,44.82,951,NA,NA
917,434.69081,46.08,917,NA,NA
1773,435.14535,388.56,1773,NA,NA
1778,435.17157,359.52,1778,NA,NA
1440,436.68789,46.26,1440,NA,NA
1393,436.85886,45.12,1393,NA,NA
1305,437.21777,337.44,1305,NA,NA
1131,437.25348,441.6,1131,NA,NA
671,437.38223,932.22,671,NA,NA
502,439.3781,565.6800000000001,502,NA,NA
819,440.72539,45.96,819,NA,NA
1447,441.07471,50.339999999999996,1447,NA,NA
1145,441.15196,390.06,1145,NA,NA
638,442.67591,46.08,638,NA,NA
982,442.89302,44.64,982,NA,NA
637,444.67293,46.08,637,NA,NA
1304,444.71945,45.96,1304,NA,NA
1683,445.22646,381.3,1683,NA,NA
838,445.31596,444.6,838,NA,NA
253,446.25962,314.28000000000003,253,17,4
892,446.29606,335.4,892,NA,NA
1566,446.67067,46.2,1566,NA,NA
876,447.34697,593.64,876,NA,NA
1490,448.30603,421.8,1490,NA,NA
1618,448.30623,412.38,1618,NA,NA
1235,448.66707,46.08,1235,NA,NA
1579,448.66769,46.32,1579,NA,NA
793,448.75693,45.78,793,NA,NA
1524,449.23687,435.41999999999996,1524,NA,NA
1707,449.25379,455.4,1707,NA,NA
720,450.32131,442.2,720,NA,NA
557,450.32139,438.78,557,NA,NA
792,450.75427,45.78,792,NA,NA
981,451.21501,314.46,981,NA,NA
967,452.70477,45.9,967,NA,NA
955,452.75107,45.78,955,NA,NA
756,452.92186,45.24,756,NA,NA
1243,455.21403,418.74,1243,NA,NA
1282,456.69898,45.96,1282,NA,NA
1693,456.69949,46.08,1693,NA,NA
1623,458.64984,46.14,1623,NA,NA
715,458.78598,45.660000000000004,715,NA,NA
1015,459.28977,497.46000000000004,1015,NA,NA
1555,460.64716,46.14,1555,NA,NA
714,460.78308,45.54,714,NA,NA
659,462.29093,321.24,659,22,1
1709,462.64385,46.26,1709,NA,NA
1003,462.73359,45.72,1003,NA,NA
1031,462.77997,45.72,1031,NA,NA
1438,463.13076,456.96,1438,NA,NA
1316,463.25064,444.12,1316,NA,NA
971,464.1914,362.4,971,NA,NA
594,465.30375,517.44,594,NA,NA
1283,466.31604,426.90000000000003,1283,NA,NA
1514,466.72769,45.84,1514,NA,NA
1627,466.72815,45.9,1627,NA,NA
1026,467.29814,438.96,1026,NA,NA
564,468.30847,450.48,564,23,1
134,468.30871,454.68,134,24,1
696,468.81472,45.36,696,NA,NA
816,469.1357,430.38,816,NA,NA
1445,469.26017,244.14,1445,NA,NA
1657,470.19718,540.96,1657,NA,NA
1492,471.21892,437.03999999999996,1492,NA,NA
1624,471.24382,319.92,1624,20,4
974,472.76269,45.480000000000004,974,NA,NA
983,473.23311,306.06,983,NA,NA
1040,473.2819,465.48,1040,NA,NA
570,474.4153,567.78,570,NA,NA
571,474.41532,567.36,571,NA,NA
1631,474.76008,45.84,1631,NA,NA
1290,476.27017,318.29999999999995,1290,NA,NA
83,476.30651,322.86,83,21,4
84,476.30651,323.09999999999997,84,NA,NA
1630,476.7571,45.9,1630,NA,NA
372,478.29277,464.52,372,NA,NA
530,478.29285,460.44,530,NA,NA
1442,478.36793,513.24,1442,NA,NA
644,478.84354,45.06,644,NA,NA
925,479.25898,416.64,925,NA,NA
1378,479.29221,45.36,1378,NA,NA
733,479.37066,566.2800000000001,733,NA,NA
749,479.49893,545.4599999999999,749,NA,NA
1173,480.18735,244.14,1173,NA,NA
725,480.34488,484.49999999999994,725,NA,NA
1009,480.79441,45.12,1009,NA,NA
1642,481.28016,432.12,1642,NA,NA
531,482.32412,491.1,531,NA,NA
250,482.32416,462.9,250,23,2
180,482.36053,484.26,180,NA,NA
1004,482.79157,45.24,1004,NA,NA
437,483.23608,437.03999999999996,437,25,1
1289,484.08606,436.92,1289,NA,NA
1638,484.78845,45.660000000000004,1638,NA,NA
1048,485.23488,444.24,1048,NA,NA
459,485.81122,933.7199999999999,459,NA,NA
455,485.81129,756.3000000000001,455,NA,NA
312,485.8113,889.26,312,NA,NA
1777,488.40322,932.76,1777,NA,NA
790,488.65521,46.32,790,NA,NA
685,488.87244,44.76,685,NA,NA
251,490.28586,319.92,251,17,5
309,490.41587,447.78000000000003,309,NA,NA
1106,490.41601000000003,443.52000000000004,1106,NA,NA
791,490.65234,46.14,791,NA,NA
1064,490.8234,44.94,1064,NA,NA
998,493.24742,337.44,998,NA,NA
988,494.25409,337.5,988,NA,NA
302,494.32428,455.03999999999996,302,26,1
70,494.32429,459,70,24,2
1444,494.6466,46.2,1444,NA,NA
1650,494.81763,45.480000000000004,1650,NA,NA
1616,495.3146,510.59999999999997,1616,NA,NA
984,495.43218,932.76,984,NA,NA
1349,495.79623,934.5,1349,NA,NA
25,496.33992,466.56,25,NA,NA
3,496.33996,471.54,3,23,3
1391,496.369,401.04,1391,NA,NA
249,497.25177,444.06,249,25,2
1584,497.27242,932.4,1584,NA,NA
900,498.10185,444.06,900,NA,NA
895,498.28928,426.24,895,NA,NA
1090,498.68417,45.96,1090,NA,NA
1102,498.92991,414.24,1102,NA,NA
1589,499.03318,50.28,1589,NA,NA
1735,499.29124,414.12,1735,NA,NA
1164,499.82749,934.3199999999999,1164,NA,NA
704,500.63508,46.08,704,NA,NA
1114,500.85219,44.7,1114,NA,NA
887,501.34277,447.78000000000003,887,NA,NA
119,502.31641,461.52,119,NA,NA
585,502.63212,46.08,585,NA,NA
1414,502.67825,45.96,1414,NA,NA
1498,503.28942,45.42,1498,NA,NA
653,503.82205,933.7199999999999,653,NA,NA
658,506.31717,326.52,658,19,3
1666,506.62636,46.2,1666,NA,NA
1054,506.62648,46.08,1054,NA,NA
1736,507.22326,439.98,1736,NA,NA
1457,507.22349,431.58,1457,NA,NA
521,508.33979,467.21999999999997,521,NA,NA
225,508.37614,488.34,225,NA,NA
969,508.71282,45.78,969,NA,NA
122,510.35548,481.02,122,23,4
444,510.39187,507.78,444,NA,NA
1190,510.66411,45.96,1190,NA,NA
1220,510.88126,44.58,1220,NA,NA
271,511.2677,450.59999999999997,271,25,3
902,511.29071,424.02,902,NA,NA
1044,512.11769,450.66,1044,NA,NA
1690,512.26882,420.12,1690,NA,NA
404,512.33476,429,404,NA,NA
713,512.4154,470.4,713,NA,NA
1075,512.50385000000006,549.3,1075,NA,NA
1191,512.66102,45.54,1191,NA,NA
1527,512.70677,45.660000000000004,1527,NA,NA
1261,513.41419,528.7800000000001,1261,NA,NA
664,513.41451,535.32,664,NA,NA
613,513.41457,540.6,613,NA,NA
1416,514.6583,45.9,1416,NA,NA
1607,515.27082,324.9,1607,20,5
1531,516.60945,46.2,1531,NA,NA
912,516.74461,45.78,912,NA,NA
265,518.32415,456.06,265,NA,NA
1530,518.60631,46.08,1530,NA,NA
911,518.74157,45.6,911,NA,NA
1725,519.2429,388.56,1725,NA,NA
91,520.33282,327.84000000000003,91,21,5
12,520.33985,464.40000000000003,12,24,3
27,520.33992,460.26,27,26,2
1167,520.69299,45.660000000000004,1167,NA,NA
1094,520.73891,45.78,1094,NA,NA
935,520.91006,45.3,935,NA,NA
79,522.35539000000006,470.52,79,NA,NA
13,522.35552,475.74,13,NA,NA
415,524.27845,457.98,415,NA,NA
66,524.37115,484.98,66,23,5
10,524.37126,491.46000000000004,10,NA,NA
1462,524.68706,45.78,1462,NA,NA
432,525.28315,457.26000000000005,432,25,4
1557,525.80819,934.26,1557,NA,NA
1295,526.26445,431.58,1295,NA,NA
873,526.77344,45.36,873,NA,NA
478,528.33757,406.14,478,NA,NA
888,528.38339,59.64,888,NA,NA
872,528.77045,45.54,872,NA,NA
738,529.80233,933.66,738,NA,NA
234,530.39893,78.3,234,NA,NA
1109,530.72183,45.480000000000004,1109,NA,NA
369,531.40786,603.1800000000001,369,NA,NA
318,532.43948,765.9000000000001,318,NA,NA
261,534.31206,324.84,261,17,6
1601,536.21766,244.07999999999998,1601,NA,NA
883,536.80229,45.18,883,NA,NA
1179,538.51921,557.88,1179,NA,NA
1412,539.24979,380.28000000000003,1412,NA,NA
597,540.33077,466.56,597,NA,NA
138,540.33079,471.6,138,NA,NA
1317,540.53474,590.52,1317,NA,NA
1115,540.75076,45.3,1115,NA,NA
1554,541.26337,932.28,1554,NA,NA
401,542.32422,451.74,401,NA,NA
290,542.32426,454.98,290,NA,NA
39,544.33986,463.26,39,NA,NA
40,544.3399,459.65999999999997,40,NA,NA
1294,544.38955,59.82,1294,NA,NA
229,544.41455,180.35999999999999,229,NA,NA
347,544.41457,166.26,347,NA,NA
129,546.35553,470.16,129,24,4
153,546.35556,466.02000000000004,153,26,3
1302,546.45681,545.4599999999999,1302,NA,NA
953,546.61387,46.14,953,NA,NA
866,546.83104,44.88,866,NA,NA
377,547.39943,701.2199999999999,377,NA,NA
661,547.46169,541.98,661,NA,NA
807,548.37091,475.74,807,NA,NA
282,548.45222,541.8,282,NA,NA
518,548.45222,551.1,518,NA,NA
303,548.45229,535.8,303,NA,NA
1008,548.50447,848.76,1008,NA,NA
952,548.61098,46.2,952,NA,NA
1194,548.78247,45.18,1194,NA,NA
682,550.34359,331.2,682,22,2
470,550.38685,495.18,470,NA,NA
534,550.43475,166.74,534,NA,NA
1201,550.77952,44.94,1201,NA,NA
1680,551.21172,306.06,1680,NA,NA
804,552.4023,516.42,804,NA,NA
1455,552.60524,46.32,1455,NA,NA
1760,552.77623,45.9,1760,NA,NA
813,553.24206,388.5,813,NA,NA
396,553.4078,541.02,396,NA,NA
424,553.40788,536.16,424,NA,NA
500,553.40812,550.98,500,NA,NA
1411,554.17629,469.32,1411,27,1
392,554.47725,1.44,392,NA,NA
1032,555.258,403.2,1032,NA,NA
1737,555.25803,381,1737,NA,NA
1625,555.25804,393.36,1625,NA,NA
1239,556.6426,46.08,1239,NA,NA
978,556.85985,44.7,978,NA,NA
1321,557.37323,443.64,1321,NA,NA
402,557.37323,447.78000000000003,402,NA,NA
882,558.59417,45.96,882,NA,NA
1238,558.63959,45.96,1238,NA,NA
1315,558.81156,44.76,1315,NA,NA
1648,559.2975,329.28000000000003,1648,20,6
707,560.59136,46.02,707,NA,NA
384,562.37103,104.94000000000001,384,NA,NA
1756,562.58784,46.14,1756,NA,NA
1506,564.18558,278.58,1506,NA,NA
1286,564.32227,328.08,1286,NA,NA
274,564.331,464.40000000000003,274,NA,NA
103,564.35905,332.21999999999997,103,21,6
1027,564.42927,598.62,1027,NA,NA
1755,564.58525,46.26,1755,NA,NA
1067,564.5854,46.08,1067,NA,NA
439,565.40448,1.26,439,NA,NA
520,566.34672,475.86,520,NA,NA
1120,566.67153,45.84,1120,NA,NA
575,567.19062,249.78000000000003,575,NA,NA
181,568.33994,462.06,181,NA,NA
205,568.33998,458.7,205,NA,NA
315,568.36227,491.58,315,NA,NA
1182,568.62328,45.78,1182,NA,NA
1377,568.84034,44.58,1377,NA,NA
839,569.31443,332.4,839,NA,NA
1526,570.42161,461.40000000000003,1526,NA,NA
1181,570.62033,45.84,1181,NA,NA
431,572.37116,472.44,431,26,4
577,572.3715,476.64,577,24,5
1322,572.61679,45.660000000000004,1322,NA,NA
1521,574.56839,46.08,1521,NA,NA
1676,576.38708,247.02,1676,NA,NA
1520,576.56544,46.14,1520,NA,NA
1025,576.70031,45.72,1025,NA,NA
308,578.33824,329.28000000000003,308,17,7
1786,578.38539,238.32,1786,NA,NA
152,578.39901,266.04,152,NA,NA
1596,578.56253,46.02,1596,NA,NA
1147,578.65196,45.660000000000004,1147,NA,NA
1148,580.64912,45.6,1148,NA,NA
1396,582.6461,45.72,1396,NA,NA
1659,583.28944,402.36,1659,NA,NA
1700,584.44631,302.82,1700,NA,NA
942,584.73225,45.54,942,NA,NA
126,585.2707,571.62,126,NA,NA
957,585.27071,408.65999999999997,957,NA,NA
1050,585.28812,332.34,1050,NA,NA
943,586.72916,45.480000000000004,943,NA,NA
1206,587.35911,416.64,1206,NA,NA
619,588.33118,459.65999999999997,619,NA,NA
1703,588.41552,53.64,1703,NA,NA
1388,588.57111,45.9,1388,NA,NA
1132,588.68095,45.480000000000004,1132,NA,NA
1163,588.72646,45.660000000000004,1163,NA,NA
1110,588.8979,45.42,1110,NA,NA
1355,589.57088,46.14,1355,NA,NA
1356,590.56854,45.9,1356,NA,NA
1247,591.31771,368.52000000000004,1247,NA,NA
1774,591.46166,277.73999999999995,1774,NA,NA
1533,592.67535,45.42,1533,NA,NA
1328,593.33387,371.15999999999997,1328,NA,NA
1288,593.3848,292.86,1288,NA,NA
718,594.36961,335.21999999999997,718,19,4
426,594.39394,209.64000000000001,426,NA,NA
906,594.76112,45.3,906,NA,NA
760,595.29532,406.14,760,NA,NA
1333,595.34918,372.66,1333,NA,NA
1518,596.50904,562.92,1518,NA,NA
1329,597.75832,45.24,1329,NA,NA
1170,598.70979,45.3,1170,NA,NA
1695,599.32,313.26,1695,NA,NA
840,601.15311,249.78000000000003,840,NA,NA
1248,601.26593,355.98,1248,NA,NA
1234,602.40677,439.26,1234,NA,NA
1687,603.32371,333.24,1687,20,7
1038,604.57254,46.2,1038,NA,NA
1018,604.78975,45,1018,NA,NA
1049,606.5696,46.14,1049,NA,NA
1251,606.7413,45.06,1251,NA,NA
1493,608.34837,332.46000000000004,1493,NA,NA
120,608.38529,336.06,120,21,7
1129,608.56667,46.2,1129,NA,NA
1250,608.73853,45.06,1250,NA,NA
211,610.54065,799.68,211,NA,NA
1453,610.56282,46.08,1453,NA,NA
191,612.55623,885.3000000000001,191,NA,NA
1613,614.36018,306.54,1613,NA,NA
1674,614.44676,460.79999999999995,1674,NA,NA
1374,614.60162,46.08,1374,NA,NA
1052,614.81831,44.76,1052,NA,NA
1729,615.7081,45.3,1729,NA,NA
994,616.55299,46.02,994,NA,NA
1373,616.59851,46.02,1373,NA,NA
1402,616.77022,44.82,1402,NA,NA
162,617.40974,291.47999999999996,162,NA,NA
993,617.55176,46.02,993,NA,NA
1395,618.76711,44.88,1395,NA,NA
972,619.54832,46.02,972,NA,NA
1706,620.7227,45.24,1706,NA,NA
350,621.43469,1.92,350,NA,NA
408,622.36458,333.24,408,17,8
1225,622.54312,46.14,1225,NA,NA
1789,622.54347,46.2,1789,NA,NA
1330,623.34477,444.12,1330,NA,NA
1371,624.6302,45.84,1371,NA,NA
1192,624.84753,44.58,1192,NA,NA
1743,626.53661,46.02,1743,NA,NA
1370,626.62718,45.9,1370,NA,NA
1202,627.3197,333.24,1202,NA,NA
1594,628.19526,482.88,1594,27,2
1567,628.57909,45.78,1567,NA,NA
1781,634.52367,46.08,1781,NA,NA
227,634.54071,747.66,227,NA,NA
1222,634.65915,45.72,1222,NA,NA
1552,636.61123,45.72,1552,NA,NA
746,638.39612,339.06,746,22,3
1509,638.60765,45.660000000000004,1509,NA,NA
1458,640.53577,559.98,1458,NA,NA
1071,644.68786,45.54,1071,NA,NA
1480,645.32668,444.17999999999995,1480,NA,NA
1297,646.52936,45.96,1297,NA,NA
1463,646.6396,45.54,1463,NA,NA
801,647.51213,545.52,801,28,1
1298,647.52902,46.02,1298,NA,NA
560,649.30351,577.1999999999999,560,NA,NA
1460,650.52397,45.96,1460,NA,NA
1501,651.37616,450.78,1501,NA,NA
1336,651.38808,517.38,1336,NA,NA
145,652.4114,339.53999999999996,145,21,8
996,652.72046,45.36,996,NA,NA
1296,654.33223,469.20000000000005,1296,NA,NA
995,654.71652,45.3,995,NA,NA
1221,655.7158,45.42,1221,NA,NA
1744,656.51443,46.02,1744,NA,NA
1479,656.66839,45.3,1479,NA,NA
1599,658.43618,438.84000000000003,1599,NA,NA
1588,658.43635,442.5,1588,NA,NA
1517,659.42028,447.18,1517,NA,NA
294,660.30775,629.94,294,NA,NA
1041,661.52819,561.84,1041,28,2
1013,662.74861,45.12,1013,NA,NA
1487,664.52793,46.26,1487,NA,NA
475,666.39082,336.84,475,17,9
1660,666.45168,381.24,1660,NA,NA
1515,666.52538,46.08,1515,NA,NA
1489,666.69733,45.06,1489,NA,NA
1647,671.40685,381.36,1647,NA,NA
1104,672.77721,44.88,1104,NA,NA
1689,673.35761,450.78,1689,NA,NA
1491,673.4357,448.68,1491,NA,NA
405,673.52782,552.24,405,29,1
1123,674.51219,46.08,1123,NA,NA
1654,674.55717,46.02,1654,NA,NA
1548,675.40204,405.59999999999997,1548,NA,NA
1124,675.5092,45.96,1124,NA,NA
92,675.54352,582,92,28,3
761,675.67622,545.7,761,NA,NA
1077,676.5083,45.96,1077,NA,NA
1609,676.7256,44.94,1609,NA,NA
1224,676.92991,932.52,1224,NA,NA
155,677.33464,622.9799999999999,155,NA,NA
1320,677.46065,435,1320,NA,NA
1078,677.50706,46.08,1078,NA,NA
848,679.37151,233.64000000000001,848,NA,NA
202,680.48027,727.44,202,NA,NA
1260,680.50135,46.02,1260,NA,NA
1667,681.44404,418.74,1667,NA,NA
862,682.42198,342.24,862,19,5
1483,682.58922,46.02,1483,NA,NA
1158,682.80552,44.7,1158,NA,NA
1427,684.56205,557.52,1427,NA,NA
1484,684.58619,45.78,1484,NA,NA
1195,689.49715,441.6,1195,NA,NA
164,689.5592,603.96,164,28,4
1300,692.61792,45.72,1300,NA,NA
1301,694.61482,45.84,1301,NA,NA
477,696.41177,249.72,477,NA,NA
177,696.43759,342.71999999999997,177,21,9
1733,696.56578,45.6,1733,NA,NA
1292,699.41308,306.06,1292,NA,NA
47,701.55904,590.76,47,29,2
1525,702.21331,498.71999999999997,1525,27,3
1237,702.64639,45.6,1237,NA,NA
1562,703.43308,429.35999999999996,1562,NA,NA
15,703.57502,629.5200000000001,15,28,5
1714,705.48876,416.76,1714,NA,NA
1664,706.48682,46.08,1664,NA,NA
230,706.53856,632.22,230,30,1
1738,706.59523,45.6,1738,NA,NA
425,709.46581,437.03999999999996,425,31,1
985,709.51639,451.08,985,NA,NA
596,710.41686,339.9,596,17,10
1136,712.67488,45.42,1136,NA,NA
1739,714.6268,45.36,1739,NA,NA
1162,719.42775,337.44,1162,NA,NA
831,719.49167,447.84000000000003,831,NA,NA
1117,720.70705,45.18,1117,NA,NA
1727,722.48705,46.26,1727,NA,NA
1118,722.70383,45.24,1118,NA,NA
285,723.48147,444.12,285,31,2
1728,724.48344,46.08,1728,NA,NA
1764,724.6563,45.18,1764,NA,NA
1688,725.46734,341.46,1688,NA,NA
961,726.44826,345.18,961,22,4
1407,728.58825,555.24,1407,NA,NA
1767,729.36823,389.82,1767,NA,NA
94,729.59072,642.3,94,29,3
136,730.53824,604.8,136,NA,NA
1165,730.7355,45,1165,NA,NA
102,731.60642,693.24,102,NA,NA
1691,732.51513,46.14,1691,NA,NA
42,732.55386,642.72,42,30,2
1541,733.46196,436.92,1541,NA,NA
1271,734.46708,46.02,1271,NA,NA
88,734.56939,695.28,88,NA,NA
1272,735.46521,46.08,1272,NA,NA
344,737.4972,450.71999999999997,344,31,3
224,740.46388,345.71999999999997,224,21,10
1577,740.54776,45.84,1577,NA,NA
1337,740.76427,44.76,1337,NA,NA
1576,742.54477,45.96,1576,NA,NA
121,742.5745,690.9000000000001,121,NA,NA
207,744.55396,630.06,207,NA,NA
130,744.59065,706.32,130,NA,NA
158,746.60584,763.68,158,NA,NA
1138,747.478,444,1138,NA,NA
368,747.56615,629.1600000000001,368,NA,NA
1403,750.57661,45.72,1403,NA,NA
1477,750.79295,44.58,1477,NA,NA
449,751.5126,457.38,449,31,4
1415,752.57303,45.84,1415,NA,NA
728,754.44291,343.02,728,17,11
188,757.62198,711.42,188,29,4
1,758.56974,658.92,1,30,3
4,760.58507,707.88,4,32,1
1277,761.49351,450.54,1277,NA,NA
1620,764.44482,45.84,1620,NA,NA
1672,764.47777,340.02,1672,NA,NA
1619,765.44311,46.02,1619,NA,NA
367,768.55385,623.6999999999999,367,33,1
51,768.59,698.28,51,NA,NA
1045,770.47423,348,1045,19,6
1626,770.53521,46.5,1626,NA,NA
1313,770.6337,45.480000000000004,1313,NA,NA
109,772.58496,693.6,109,NA,NA
175,772.58506,681.3000000000001,175,NA,NA
1422,772.6138,553.08,1422,NA,NA
1135,772.63622,546.12,1135,NA,NA
1134,772.63649,545.4,1134,NA,NA
1500,775.49024,46.38,1500,NA,NA
1635,776.23192,517.74,1635,27,4
569,776.58001,620.88,569,NA,NA
1499,777.48702,46.32,1499,NA,NA
1213,778.44814,46.38,1213,NA,NA
786,778.59761,447.84000000000003,786,NA,NA
1043,779.4712,388.5,1043,NA,NA
1150,780.4452,46.2,1150,NA,NA
53,780.55367,617.1,53,NA,NA
1207,780.66233,45.3,1207,NA,NA
1753,781.48683,393.29999999999995,1753,NA,NA
1335,781.48694,403.26,1335,NA,NA
1149,782.44216,46.26,1149,NA,NA
33,782.56919,626.6400000000001,33,NA,NA
50,782.56926,634.5,50,NA,NA
5,782.56965,651.9,5,33,2
1212,783.5528,443.58,1212,NA,NA
335,783.55297,447.84000000000003,335,NA,NA
334,783.55301,447.78000000000003,334,NA,NA
1214,784.43922,46.2,1214,NA,NA
284,784.48994,348.29999999999995,284,21,11
6,784.58507,675.72,6,30,4
112,785.65299,803.46,112,29,5
1585,786.43538,46.32,1585,NA,NA
2,786.60089,731.76,2,32,2
1670,787.4713,45.96,1670,NA,NA
28,788.61614,796.26,28,NA,NA
1323,788.6945,45.12,1323,NA,NA
1535,789.46756,46.08,1535,NA,NA
1342,790.37957,405.96,1342,NA,NA
1553,790.4741,45.96,1553,NA,NA
1324,790.69119,45,1324,NA,NA
1651,791.46439,45.96,1651,NA,NA
835,792.42553,46.02,835,NA,NA
834,794.42262,46.02,834,NA,NA
59,794.60545,709.62,59,NA,NA
204,796.58492,684,204,33,3
115,796.62145,784.98,115,NA,NA
1079,798.4162,46.02,1079,NA,NA
1434,798.72281,44.88,1434,NA,NA
1404,800.41368,46.02,1404,NA,NA
1476,800.50244,45.9,1476,NA,NA
1496,802.4549,45.72,1496,NA,NA
1481,802.4995,45.96,1481,NA,NA
124,802.56034,659.0999999999999,124,NA,NA
1722,804.40646,45.96,1722,NA,NA
1495,804.45198,45.9,1495,NA,NA
222,804.57637,707.88,222,NA,NA
74,806.56918,622.08,74,NA,NA
17,806.56932,640.02,17,NA,NA
55,807.57041,679.2,55,NA,NA
1418,808.3995,46.08,1418,NA,NA
19,808.58495,662.7,19,NA,NA
1417,810.39671,46.14,1417,NA,NA
1459,810.53209,45.84,1459,NA,NA
56,810.6005,701.16,56,30,5
8,810.60084,722.82,8,33,4
64,811.66861,810.36,64,NA,NA
1505,812.39338,46.26,1505,NA,NA
1652,812.48396,45.36,1652,NA,NA
306,812.61616,781.4399999999999,306,NA,NA
22,812.61627,758.76,22,32,3
86,813.68418,898.86,86,29,6
1185,814.5005,350.46000000000004,1185,22,5
1503,816.64068,551.1,1503,NA,NA
1470,818.56439,45.6,1470,NA,NA
1472,820.56072,45.78,1472,NA,NA
1332,821.47407,406.2,1332,NA,NA
1758,822.51175,45.6,1758,NA,NA
1718,823.40229,46.02,1718,NA,NA
223,826.56044,651.84,223,NA,NA
339,828.51619,350.64000000000004,339,21,12
324,828.57614,678.6,324,NA,NA
1446,828.59198,45.42,1446,NA,NA
380,830.56923,614.04,380,NA,NA
1436,830.58919,45.6,1436,NA,NA
197,830.5918,732.18,197,NA,NA
54,834.60044,708.96,54,NA,NA
111,836.61583,734.64,111,30,6
1564,838.62065,45.36,1564,NA,NA
168,838.63156,789.12,168,32,4
1571,848.64995,45.24,1571,NA,NA
1597,852.3804,45.96,1597,NA,NA
323,854.59156,723.12,323,NA,NA
663,856.6073,758.88,663,NA,NA
1551,860.66644,549.6,1551,NA,NA
1216,862.62514,595.5600000000001,1216,NA,NA
433,872.54221,352.91999999999996,433,21,13
539,885.54973,616.74,539,NA,NA
1734,910.33878,45.84,1734,NA,NA
589,916.56858,355.14,589,21,14
788,930.63354,467.21999999999997,788,NA,NA
427,930.63386,471.47999999999996,427,NA,NA
817,956.65074,475.86,817,NA,NA
826,960.59531,357.06,826,21,15
